Question,Answer
1. What is the main focus of the Sustainable Development Goals (SDGs)?,"The main focus of the Sustainable Development Goals (SDGs) is to address various global challenges such as poverty, hunger, climate change, health, education, gender equality, clean water, and sanitation, among others. The SDGs aim to create a more sustainable and equitable world by 2030."
2. How many countries agreed on the SDGs?,193 countries agreed on the Sustainable Development Goals (SDGs).
3. What is the goal related to ending extreme poverty by 2030?,"The goal related to ending extreme poverty by 2030 is to ""End extreme poverty in all forms by 2030."""
4. How has hunger improved in the past 20 years?,"In the past 20 years, hunger has dropped by almost half. Many countries that used to suffer from famine and hunger can now meet the nutritional needs of their most vulnerable people."
5. What are some ways to achieve the goal of ending hunger and malnutrition?,"Some ways to achieve the goal of ending hunger and malnutrition include promoting sustainable agriculture, supporting small farmers, ensuring access to nutritious food all year round, and working towards food security and improved nutrition for all."
6. What is the goal related to ensuring healthy lives and promoting well-being for all ages?,The goal related to ensuring healthy lives and promoting well-being for all ages is to ensure healthy lives and promote well-being for all at all ages.
7. How has progress been made in terms of education since 2000?,"Since 2000, there has been significant progress in education. The total enrollment rate in developing regions has reached 91%, which is a positive achievement towards providing primary education to all children worldwide. Additionally, more girls are in school compared to 2000, and most regions have reached gender parity in primary education."
8. What is the goal related to achieving gender equality and empowering women and girls?,"The goal related to achieving gender equality and empowering women and girls is ""ACHIEVE GENDER EQUALITY AND EMPOWER ALL WOMEN AND GIRLS."""
9. Why is it important to ensure access to clean drinking water for all by 2030?,"It is important to ensure access to clean drinking water for all by 2030 because many people around the world do not have access to safe and affordable drinking water. Water scarcity affects more than 40 percent of people globally, and this number is projected to increase due to climate change. By providing clean drinking water, we can improve public health, prevent waterborne diseases, and ensure the well-being of communities. Additionally, access to clean water is essential for sustainable development and achieving the Sustainable Development Goals."
10. How can individuals support and help reach the Sustainable Development Goals by 2030?,"Individuals can support and help reach the Sustainable Development Goals by 2030 in various ways:

1. **Educate Yourself**: Learn about the Sustainable Development Goals and understand the issues they address.

2. **Spread Awareness**: Share information about the SDGs with friends, family, and on social media to raise awareness.

3. **Support Sustainable Practices**: Make sustainable choices in your daily life, such as reducing waste, conserving energy, and supporting eco-friendly products.

4. **Volunteer**: Get involved in local community projects that align with the SDGs, such as environmental clean-ups or educational programs.

5. **Advocate**: Speak up for policies and actions that support the SDGs, such as climate change mitigation, gender equality, or poverty alleviation.

6. **Donate**: Support organizations and initiatives that work towards achieving the SDGs through financial contributions.

7. **Engage with Local Government**: Participate in local government meetings and initiatives that focus on sustainable development.

8. **Lifestyle Changes**: Make changes in your lifestyle, such as reducing your carbon footprint, supporting fair trade products, and promoting equality.

9. **Continuous Learning**: Stay informed about global issues and continue to educate yourself on ways to contribute to sustainable development.

10. **Collaborate**: Work with others in your community or online to create collective impact and support the achievement of the SDGs."
